<?xml version="1.0" encoding="UTF-8"?>
<project-private xmlns="http://www.netbeans.org/ns/project-private/1">
    <editor-bookmarks xmlns="http://www.netbeans.org/ns/editor-bookmarks/2" lastBookmarkId="0"/>
    <open-files xmlns="http://www.netbeans.org/ns/projectui-open-files/2">
        <group>
            <file>file:/C:/Users/Adarsha/Documents/NetBeansProjects/LabEquipmentSourcing/src/adminView/AddStudent.fxml</file>
            <file>file:/C:/Users/Adarsha/Documents/NetBeansProjects/LabEquipmentSourcing/src/adminView/NotificationAdmin.fxml</file>
            <file>file:/C:/Users/Adarsha/Documents/NetBeansProjects/LabEquipmentSourcing/src/adminView/AddCampus.fxml</file>
            <file>file:/C:/Users/Adarsha/Documents/NetBeansProjects/LabEquipmentSourcing/src/adminView/AddAdminController.java</file>
            <file>file:/C:/Users/Adarsha/Documents/NetBeansProjects/LabEquipmentSourcing/src/presenter/AdminPresenter.java</file>
            <file>file:/C:/Users/Adarsha/Documents/NetBeansProjects/LabEquipmentSourcing/src/adminView/AdminDetailsController.java</file>
            <file>file:/C:/Users/Adarsha/Documents/NetBeansProjects/LabEquipmentSourcing/src/adminView/EquipmentDetails.fxml</file>
            <file>file:/C:/Users/Adarsha/Documents/NetBeansProjects/LabEquipmentSourcing/src/presenter/AdminPersister.java</file>
            <file>file:/C:/Users/Adarsha/Documents/NetBeansProjects/LabEquipmentSourcing/src/adminView/AdminDetails.fxml</file>
            <file>file:/C:/Users/Adarsha/Documents/NetBeansProjects/LabEquipmentSourcing/src/adminView/AdminDashboardController.java</file>
            <file>file:/C:/Users/Adarsha/Documents/NetBeansProjects/LabEquipmentSourcing/src/adminView/AdminDashboard.fxml</file>
            <file>file:/C:/Users/Adarsha/Documents/NetBeansProjects/LabEquipmentSourcing/src/view/AddCampusController.java</file>
            <file>file:/C:/Users/Adarsha/Documents/NetBeansProjects/LabEquipmentSourcing/src/adminView/CampusDetails.fxml</file>
            <file>file:/C:/Users/Adarsha/Documents/NetBeansProjects/LabEquipmentSourcing/src/adminView/AddEquipment.fxml</file>
            <file>file:/C:/Users/Adarsha/Documents/NetBeansProjects/LabEquipmentSourcing/src/adminView/SearchStudent.fxml</file>
        </group>
    </open-files>
</project-private>
