<?xml version="1.0" encoding="UTF-8"?>
<project-private xmlns="http://www.netbeans.org/ns/project-private/1">
    <editor-bookmarks xmlns="http://www.netbeans.org/ns/editor-bookmarks/2" lastBookmarkId="0"/>
    <open-files xmlns="http://www.netbeans.org/ns/projectui-open-files/2">
        <group>
            <file>file:/C:/Users/Adarsha/Documents/NetBeansProjects/LabEquipmentSourcing/src/presenter/AdminPresenter.java</file>
            <file>file:/C:/Users/Adarsha/Documents/NetBeansProjects/LabEquipmentSourcing/src/adminView/AdminDetailsController.java</file>
            <file>file:/C:/Users/Adarsha/Documents/NetBeansProjects/LabEquipmentSourcing/src/adminView/AdminDashboardController.java</file>
            <file>file:/C:/Users/Adarsha/Documents/NetBeansProjects/LabEquipmentSourcing/src/adminView/AdminProfileController.java</file>
            <file>file:/C:/Users/Adarsha/Documents/NetBeansProjects/LabEquipmentSourcing/src/adminView/NotificationAdminController.java</file>
            <file>file:/C:/Users/Adarsha/Documents/NetBeansProjects/LabEquipmentSourcing/src/presenter/AdminPersister.java</file>
        </group>
    </open-files>
</project-private>
